Institution Name,City,Channel,Partner,Kit Date,Kits Given
Sunrise Public School,Pune,CoE,Shivaji University,20-Sep-2026,2
Vidya Niketan High School,Kolhapur,CoE,Shivaji University,12-Sep-2026,1
Sahyadri English Medium School,Satara,CoE,Shivaji University,24-Sep-2026,1
Mysuru Vidyashram,Mysuru,CoE,University of Mysore,,
Delhi Heights School,Surat,Consultant,ABC Education Consultant,,
Kashi Vidyapeeth Public School,Varanasi,Consultant,ABC Education Consultant,18-Sep-2026,1
Hubli Public School,Hubballi,Consultant,EduReach Consultants,16-Sep-2026,1
Anand Vidya Mandir,Vadodara,Partner,XYZ Learning Pvt Ltd,22-Sep-2026,2
Bangalore International Academy,Bengaluru,Partner,XYZ Learning Pvt Ltd,03-Sep-2026,3
City Montessori Academy,Lucknow,AEMs,XYZ,10-Sep-2026,4
