School Name,City,Address,Pin Code,State,Board,School Principal Name,School Principal Contact,School Email,School Coordinator Name,School Coordinator Phone,School Kit Drop Date,No of Kits,Channel,Sales SPOC
Sunrise Public School,Pune,"12 Karve Road, Kothrud",411038,Maharashtra,CBSE,Meena Joshi,9822011001,info@sunrisepune.demo,Rohit Patil,9822011101,20/09/2026,2,CoE,Amit
Vidya Niketan High School,Kolhapur,Rajarampuri 5th Lane,416008,Maharashtra,State Board,Suresh Desai,9822011002,office@vidyaniketan.demo,Anita Pawar,9822011102,12/09/2026,1,CoE,Amit
Green Valley International School,Nagpur,"Wardha Road, Somalwada",440025,Maharashtra,ICSE,Farah Khan,9822011003,admin@greenvalley.demo,Sagar Wankhede,9822011103,,,AEMs,Sneha Kulkarni
St. Xavier's High School,Mumbai,"Dhobi Talao, Fort",400001,Maharashtra,ICSE,Fr. Joseph D'Souza,9822011004,principal@stxaviers.demo,Neha Fernandes,9822011104,05/09/2026,3,Direct,Sneha Kulkarni
Navrachana Vidyalaya,Ahmedabad,Satellite Road,380015,Gujarat,GSEB,Hetal Patel,9825011005,contact@navrachana.demo,Jignesh Shah,9825011105,08/09/2026,2,Gujarat Sales Team,Priya Shah
Shree Swaminarayan Gurukul,Rajkot,Kalawad Road,360005,Gujarat,CBSE,Bharat Mehta,9825011006,gurukul@ssg.demo,Kinjal Trivedi,9825011106,15/09/2026,1,Gujarat Sales Team,Priya Shah
Delhi Heights School,Surat,Vesu Main Road,395007,Gujarat,CBSE,Ritu Agarwal,9825011007,info@dhsurat.demo,Mehul Desai,9825011107,,,Consultant,Priya Shah
Anand Vidya Mandir,Vadodara,Alkapuri,390007,Gujarat,GSEB,Nilesh Parikh,9825011008,avm@anandvidya.demo,Pooja Joshi,9825011108,22/09/2026,2,Partner,Priya Shah
City Montessori Academy,Lucknow,Gomti Nagar,226010,Uttar Pradesh,CBSE,Alok Srivastava,9415011009,cma@citymont.demo,Shalini Mishra,9415011109,10/09/2026,4,AEMs,Rahul Verma
Kashi Vidyapeeth Public School,Varanasi,Lanka,221005,Uttar Pradesh,UP Board,Ramesh Tiwari,9415011010,kvps@kashi.demo,Sunil Pandey,9415011110,18/09/2026,1,Consultant,Rahul Verma
Amity Global School,Noida,Sector 44,201303,Uttar Pradesh,CBSE,Kavita Sharma,9415011011,ags@amityglobal.demo,Vikas Gupta,9415011111,,,Direct,Rahul Verma
Kanpur Modern School,Kanpur,Civil Lines,208001,Uttar Pradesh,CBSE,Deepak Saxena,9415011012,kms@kanpurmodern.demo,Nidhi Kapoor,9415011112,25/09/2026,2,AEMs,Rahul Verma
Bangalore International Academy,Bengaluru,Whitefield Main Road,560066,Karnataka,CBSE,Lakshmi Narayan,9845011013,bia@bangaloreintl.demo,Arjun Reddy,9845011113,03/09/2026,3,Partner,Karthik Rao
Mysuru Vidyashram,Mysuru,Jayalakshmipuram,570012,Karnataka,State Board,Shankar Gowda,9845011014,vidyashram@mysuru.demo,Deepa Hegde,9845011114,,,CoE,Karthik Rao
Hubli Public School,Hubballi,Vidyanagar,580021,Karnataka,CBSE,Prakash Kulkarni,9845011015,hps@hubli.demo,Savita Patil,9845011115,16/09/2026,1,Consultant,Karthik Rao
Pink City Senior Secondary School,Jaipur,Malviya Nagar,302017,Rajasthan,RBSE,Manoj Sharma,9829011016,pcsss@pinkcity.demo,Rekha Choudhary,9829011116,11/09/2026,2,Other,Amit
Malwa Vidya Bharati,Indore,Vijay Nagar,452010,Madhya Pradesh,CBSE,Sanjay Jain,9826011017,mvb@malwa.demo,Swati Dubey,9826011117,,,Direct,Amit
Deccan Scholars School,Hyderabad,Banjara Hills Road 12,500034,Telangana,CBSE,Padma Rao,9849011018,dss@deccan.demo,Kiran Kumar,9849011118,19/09/2026,2,AEMs,Karthik Rao
Chennai Vidyalaya,Chennai,Adyar,600020,Tamil Nadu,Matriculation,Revathi Subramaniam,9840011019,cv@chennaividya.demo,Murali Krishnan,9840011119,,,Consultant,Karthik Rao
Sahyadri English Medium School,Satara,Sadar Bazar,415001,Maharashtra,State Board,Vijay Shinde,98220-11020,sahyadri.school@demo,Manisha Jadhav,9822011120,24/09/2026,1,CoE,Amit
