Timestamp,School,City,School Email ID,Principal Contact Number,Registered?
21/09/2026 10:15:00,Sunrise Public School,Pune,info@sunrisepune.demo,9822011001,Yes
14/09/2026 16:40:00,Vidya Niketan High School,Kolhapur,office@vidyaniketan.demo,9822011002,Yes
07/09/2026 11:05:00,St Xaviers High School,Mumbai,principal@stxaviers.demo,9822011004,Yes
10/09/2026 09:30:00,Navrachana Vidyalaya,Ahmedabad,contact@navrachana.demo,9825011005,Yes
12/09/2026 12:00:00,City Montessori Academy,Lucknow,cma@citymont.demo,9415011009,Yes
20/09/2026 15:20:00,Kashi Vidyapeeth Public School,Varanasi,kvps@kashi.demo,9415011010,Yes
06/09/2026 10:00:00,Bangalore International Academy,Bengaluru,bia@bangaloreintl.demo,9845011013,Yes
13/09/2026 14:45:00,Pink City Senior Secondary School,Jaipur,pcsss@pinkcity.demo,9829011016,Yes
22/09/2026 11:30:00,Deccan Scholars School,Hyderabad,dss@deccan.demo,9849011018,Yes
23/09/2026 17:10:00,Amity Global School,Noida,ags@amityglobal.demo,9415011011,Yes
24/09/2026 10:05:00,Anand Vidhya Mandir School,Vadodara,,,
25/09/2026 09:00:00,Lotus Valley School,Gurugram,lvs@lotus.demo,9811011099,Yes
