Timestamp,Email Address,Name of the School,City,No. of students - Grade 3,No. of students - Grade 4,No. of students - Grade 5,No. of students - Grade 6,No. of students - Grade 7,No. of students - Grade 8,No. of students - Grade 9,No. of students - Grade 10,Total Students
22/09/2026 10:00:00,info@sunrisepune.demo,Sunrise Public School,Pune,30,28,35,40,38,25,20,15,231
15/09/2026 11:00:00,office@vidyaniketan.demo,Vidya Niketan High School,Kolhapur,0,0,22,25,30,28,18,12,135
08/09/2026 13:00:00,principal@stxaviers.demo,St. Xavier's High School,Mumbai,45,50,48,52,47,44,40,38,364
11/09/2026 09:00:00,contact@navrachana.demo,Navrachana Vidyalaya,Ahmedabad,20,22,18,25,30,27,0,0,142
13/09/2026 10:30:00,cma@citymont.demo,City Montessori Academy,Lucknow,60,55,58,62,50,48,45,40,418
19/09/2026 10:30:00,cma@citymont.demo,City Montessori Academy,Lucknow,62,57,58,64,50,48,45,41,425
07/09/2026 12:00:00,bia@bangaloreintl.demo,Bangalore International Academy,Bengaluru,25,30,28,35,32,30,22,20,222
14/09/2026 15:00:00,pcsss@pinkcity.demo,Pink City Senior Secondary School,Jaipur,0,0,0,15,18,20,25,22,100
23/09/2026 16:00:00,dss@deccan.demo,Deccan Scholars School,Hyderabad,18,20,22,24,26,21,19,17,167
24/09/2026 12:00:00,kvps@kashi.demo,Kashi Vidyapeeth Public School,Varanasi,10,12,-5,14,15,16,10,8,
25/09/2026 12:00:00,sahyadri@demo.in,Sahyadri English Medium School,Satara,12,14,16,0,0,0,0,0,42
